<?xml version="1.0" encoding="UTF-8"?>
<export version="D">
  <design>
    <source>C:\Users\PJE\Desktop\mic5332\mic5332.sch</source>
    <date>2020-05-26 오후 3:39:59</date>
    <tool>Eeschema (5.1.6)-1</tool>
    <sheet number="1" name="/" tstamps="/">
      <title_block>
        <title/>
        <company/>
        <rev/>
        <date/>
        <source>mic5332.sch</source>
        <comment number="1" value=""/>
        <comment number="2" value=""/>
        <comment number="3" value=""/>
        <comment number="4" value=""/>
      </title_block>
    </sheet>
  </design>
  <components>
    <comp ref="JP2">
      <value>Jumper_2_Open</value>
      <footprint>TestPoint:TestPoint_2Pads_Pitch2.54mm_Drill0.8mm</footprint>
      <datasheet>~</datasheet>
      <libsource lib="Jumper" part="Jumper_2_Open" description="Jumper, 2-pole, open"/>
      <sheetpath names="/" tstamps="/"/>
      <tstamp>5EC75976</tstamp>
    </comp>
    <comp ref="JP1">
      <value>Jumper_2_Open</value>
      <footprint>TestPoint:TestPoint_2Pads_Pitch2.54mm_Drill0.8mm</footprint>
      <datasheet>~</datasheet>
      <libsource lib="Jumper" part="Jumper_2_Open" description="Jumper, 2-pole, open"/>
      <sheetpath names="/" tstamps="/"/>
      <tstamp>5EC76917</tstamp>
    </comp>
    <comp ref="R2">
      <value>10K</value>
      <footprint>Resistor_SMD:R_0603_1608Metric_Pad1.05x0.95mm_HandSolder</footprint>
      <datasheet>~</datasheet>
      <libsource lib="Device" part="R" description="Resistor"/>
      <sheetpath names="/" tstamps="/"/>
      <tstamp>5EC77576</tstamp>
    </comp>
    <comp ref="R1">
      <value>10K</value>
      <footprint>Resistor_SMD:R_0603_1608Metric_Pad1.05x0.95mm_HandSolder</footprint>
      <datasheet>~</datasheet>
      <libsource lib="Device" part="R" description="Resistor"/>
      <sheetpath names="/" tstamps="/"/>
      <tstamp>5EC77AE9</tstamp>
    </comp>
    <comp ref="C4">
      <value>1u</value>
      <footprint>Capacitor_SMD:C_0603_1608Metric_Pad1.05x0.95mm_HandSolder</footprint>
      <datasheet>~</datasheet>
      <libsource lib="Device" part="C" description="Unpolarized capacitor"/>
      <sheetpath names="/" tstamps="/"/>
      <tstamp>5EC7C2F1</tstamp>
    </comp>
    <comp ref="C5">
      <value>0u1</value>
      <footprint>Capacitor_SMD:C_0603_1608Metric_Pad1.05x0.95mm_HandSolder</footprint>
      <datasheet>~</datasheet>
      <libsource lib="Device" part="C" description="Unpolarized capacitor"/>
      <sheetpath names="/" tstamps="/"/>
      <tstamp>5EC7C7D7</tstamp>
    </comp>
    <comp ref="C6">
      <value>22u/25V</value>
      <footprint>Capacitor_SMD:C_0805_2012Metric_Pad1.15x1.40mm_HandSolder</footprint>
      <datasheet>~</datasheet>
      <libsource lib="Device" part="C" description="Unpolarized capacitor"/>
      <sheetpath names="/" tstamps="/"/>
      <tstamp>5EC7CB5D</tstamp>
    </comp>
    <comp ref="C7">
      <value>1u</value>
      <footprint>Capacitor_SMD:C_0603_1608Metric_Pad1.05x0.95mm_HandSolder</footprint>
      <datasheet>~</datasheet>
      <libsource lib="Device" part="C" description="Unpolarized capacitor"/>
      <sheetpath names="/" tstamps="/"/>
      <tstamp>5EC809CF</tstamp>
    </comp>
    <comp ref="C8">
      <value>0u1</value>
      <footprint>Capacitor_SMD:C_0603_1608Metric_Pad1.05x0.95mm_HandSolder</footprint>
      <datasheet>~</datasheet>
      <libsource lib="Device" part="C" description="Unpolarized capacitor"/>
      <sheetpath names="/" tstamps="/"/>
      <tstamp>5EC809D5</tstamp>
    </comp>
    <comp ref="C9">
      <value>22u/25V</value>
      <footprint>Capacitor_SMD:C_0805_2012Metric_Pad1.15x1.40mm_HandSolder</footprint>
      <datasheet>~</datasheet>
      <libsource lib="Device" part="C" description="Unpolarized capacitor"/>
      <sheetpath names="/" tstamps="/"/>
      <tstamp>5EC809DB</tstamp>
    </comp>
    <comp ref="C2">
      <value>10u/25v</value>
      <footprint>Capacitor_SMD:C_0603_1608Metric_Pad1.05x0.95mm_HandSolder</footprint>
      <datasheet>~</datasheet>
      <libsource lib="Device" part="C" description="Unpolarized capacitor"/>
      <sheetpath names="/" tstamps="/"/>
      <tstamp>5EC8F56A</tstamp>
    </comp>
    <comp ref="C1">
      <value>0u1</value>
      <footprint>Capacitor_SMD:C_0603_1608Metric_Pad1.05x0.95mm_HandSolder</footprint>
      <datasheet>~</datasheet>
      <libsource lib="Device" part="C" description="Unpolarized capacitor"/>
      <sheetpath names="/" tstamps="/"/>
      <tstamp>5EC93923</tstamp>
    </comp>
    <comp ref="C3">
      <value>10n</value>
      <footprint>Capacitor_SMD:C_0402_1005Metric</footprint>
      <datasheet>~</datasheet>
      <libsource lib="Device" part="C" description="Unpolarized capacitor"/>
      <sheetpath names="/" tstamps="/"/>
      <tstamp>5EC7BC2A</tstamp>
    </comp>
    <comp ref="5V_IN1">
      <value>5V_IN</value>
      <footprint>mic5332:Socket_1x01_P2.54mm_Vertical</footprint>
      <datasheet>~</datasheet>
      <libsource lib="Connector" part="Conn_01x01_Male" description="Generic connector, single row, 01x01, script generated (kicad-library-utils/schlib/autogen/connector/)"/>
      <sheetpath names="/" tstamps="/"/>
      <tstamp>5ECA73B6</tstamp>
    </comp>
    <comp ref="EN2">
      <value>EN2</value>
      <footprint>mic5332:Socket_1x01_P2.54mm_Vertical</footprint>
      <datasheet>~</datasheet>
      <libsource lib="Connector" part="Conn_01x01_Male" description="Generic connector, single row, 01x01, script generated (kicad-library-utils/schlib/autogen/connector/)"/>
      <sheetpath names="/" tstamps="/"/>
      <tstamp>5ECA90EE</tstamp>
    </comp>
    <comp ref="EN1">
      <value>EN1</value>
      <footprint>mic5332:Socket_1x01_P2.54mm_Vertical</footprint>
      <datasheet>~</datasheet>
      <libsource lib="Connector" part="Conn_01x01_Male" description="Generic connector, single row, 01x01, script generated (kicad-library-utils/schlib/autogen/connector/)"/>
      <sheetpath names="/" tstamps="/"/>
      <tstamp>5ECA9489</tstamp>
    </comp>
    <comp ref="GND1">
      <value>GND</value>
      <footprint>mic5332:Socket_1x01_P2.54mm_Vertical</footprint>
      <datasheet>~</datasheet>
      <libsource lib="Connector" part="Conn_01x01_Male" description="Generic connector, single row, 01x01, script generated (kicad-library-utils/schlib/autogen/connector/)"/>
      <sheetpath names="/" tstamps="/"/>
      <tstamp>5ECA98C3</tstamp>
    </comp>
    <comp ref="VOUT1">
      <value>VOUT1</value>
      <footprint>mic5332:Socket_1x01_P2.54mm_Vertical</footprint>
      <datasheet>~</datasheet>
      <libsource lib="Connector" part="Conn_01x01_Male" description="Generic connector, single row, 01x01, script generated (kicad-library-utils/schlib/autogen/connector/)"/>
      <sheetpath names="/" tstamps="/"/>
      <tstamp>5ECA9D38</tstamp>
    </comp>
    <comp ref="VOUT2">
      <value>VOUT2</value>
      <footprint>mic5332:Socket_1x01_P2.54mm_Vertical</footprint>
      <datasheet>~</datasheet>
      <libsource lib="Connector" part="Conn_01x01_Male" description="Generic connector, single row, 01x01, script generated (kicad-library-utils/schlib/autogen/connector/)"/>
      <sheetpath names="/" tstamps="/"/>
      <tstamp>5ECAAAFD</tstamp>
    </comp>
    <comp ref="POR2">
      <value>POR2</value>
      <footprint>mic5332:Socket_1x01_P2.54mm_Vertical</footprint>
      <datasheet>~</datasheet>
      <libsource lib="Connector" part="Conn_01x01_Male" description="Generic connector, single row, 01x01, script generated (kicad-library-utils/schlib/autogen/connector/)"/>
      <sheetpath names="/" tstamps="/"/>
      <tstamp>5ECAAD85</tstamp>
    </comp>
    <comp ref="GND2">
      <value>GND</value>
      <footprint>mic5332:Socket_1x01_P2.54mm_Vertical</footprint>
      <datasheet>~</datasheet>
      <libsource lib="Connector" part="Conn_01x01_Male" description="Generic connector, single row, 01x01, script generated (kicad-library-utils/schlib/autogen/connector/)"/>
      <sheetpath names="/" tstamps="/"/>
      <tstamp>5ECAAF01</tstamp>
    </comp>
    <comp ref="D1">
      <value>RED_LED</value>
      <footprint>LED_SMD:LED_0603_1608Metric_Pad1.05x0.95mm_HandSolder</footprint>
      <datasheet>~</datasheet>
      <libsource lib="Device" part="LED" description="Light emitting diode"/>
      <sheetpath names="/" tstamps="/"/>
      <tstamp>5ECB4396</tstamp>
    </comp>
    <comp ref="R4">
      <value>330</value>
      <footprint>Resistor_SMD:R_0603_1608Metric_Pad1.05x0.95mm_HandSolder</footprint>
      <datasheet>~</datasheet>
      <libsource lib="Device" part="R" description="Resistor"/>
      <sheetpath names="/" tstamps="/"/>
      <tstamp>5ECBA137</tstamp>
    </comp>
    <comp ref="R3">
      <value>10K</value>
      <footprint>Resistor_SMD:R_0603_1608Metric_Pad1.05x0.95mm_HandSolder</footprint>
      <datasheet>~</datasheet>
      <libsource lib="Device" part="R" description="Resistor"/>
      <sheetpath names="/" tstamps="/"/>
      <tstamp>5ED021B7</tstamp>
    </comp>
    <comp ref="U1">
      <value>MIC5332-SSYMT-TR</value>
      <footprint>mic5332:TMLF-8_MCH</footprint>
      <libsource lib="mic5332" part="MIC5332-SSYMT-TR" description=""/>
      <sheetpath names="/" tstamps="/"/>
      <tstamp>5ECDA344</tstamp>
    </comp>
  </components>
  <libparts>
    <libpart lib="Connector" part="Conn_01x01_Male">
      <description>Generic connector, single row, 01x01, script generated (kicad-library-utils/schlib/autogen/connector/)</description>
      <docs>~</docs>
      <footprints>
        <fp>Connector*:*</fp>
      </footprints>
      <fields>
        <field name="Reference">J</field>
        <field name="Value">Conn_01x01_Male</field>
      </fields>
      <pins>
        <pin num="1" name="Pin_1" type="passive"/>
      </pins>
    </libpart>
    <libpart lib="Device" part="C">
      <description>Unpolarized capacitor</description>
      <docs>~</docs>
      <footprints>
        <fp>C_*</fp>
      </footprints>
      <fields>
        <field name="Reference">C</field>
        <field name="Value">C</field>
      </fields>
      <pins>
        <pin num="1" name="~" type="passive"/>
        <pin num="2" name="~" type="passive"/>
      </pins>
    </libpart>
    <libpart lib="Device" part="LED">
      <description>Light emitting diode</description>
      <docs>~</docs>
      <footprints>
        <fp>LED*</fp>
        <fp>LED_SMD:*</fp>
        <fp>LED_THT:*</fp>
      </footprints>
      <fields>
        <field name="Reference">D</field>
        <field name="Value">LED</field>
      </fields>
      <pins>
        <pin num="1" name="K" type="passive"/>
        <pin num="2" name="A" type="passive"/>
      </pins>
    </libpart>
    <libpart lib="Device" part="R">
      <description>Resistor</description>
      <docs>~</docs>
      <footprints>
        <fp>R_*</fp>
      </footprints>
      <fields>
        <field name="Reference">R</field>
        <field name="Value">R</field>
      </fields>
      <pins>
        <pin num="1" name="~" type="passive"/>
        <pin num="2" name="~" type="passive"/>
      </pins>
    </libpart>
    <libpart lib="Jumper" part="Jumper_2_Open">
      <description>Jumper, 2-pole, open</description>
      <docs>~</docs>
      <footprints>
        <fp>Jumper*</fp>
        <fp>TestPoint*2Pads*</fp>
        <fp>TestPoint*Bridge*</fp>
      </footprints>
      <fields>
        <field name="Reference">JP</field>
        <field name="Value">Jumper_2_Open</field>
      </fields>
      <pins>
        <pin num="1" name="A" type="passive"/>
        <pin num="2" name="B" type="passive"/>
      </pins>
    </libpart>
    <libpart lib="mic5332" part="MIC5332-SSYMT-TR">
      <footprints>
        <fp>TMLF-8_MCH</fp>
        <fp>TMLF-8_MCH-M</fp>
        <fp>TMLF-8_MCH-L</fp>
      </footprints>
      <fields>
        <field name="Reference">U</field>
        <field name="Value">MIC5332-SSYMT-TR</field>
        <field name="Footprint">TMLF-8_MCH</field>
      </fields>
      <pins>
        <pin num="1" name="VIN" type="input"/>
        <pin num="2" name="GND" type="power_in"/>
        <pin num="3" name="POR2" type="output"/>
        <pin num="4" name="EN2" type="input"/>
        <pin num="5" name="EN1" type="input"/>
        <pin num="6" name="CSET2" type="input"/>
        <pin num="7" name="VOUT2" type="output"/>
        <pin num="8" name="VOUT1" type="output"/>
        <pin num="9" name="9" type="unspc"/>
      </pins>
    </libpart>
  </libparts>
  <libraries>
    <library logical="Connector">
      <uri>C:\Program Files\KiCad\share\kicad\library/Connector.lib</uri>
    </library>
    <library logical="Device">
      <uri>C:\Program Files\KiCad\share\kicad\library/Device.lib</uri>
    </library>
    <library logical="Jumper">
      <uri>C:\Program Files\KiCad\share\kicad\library/Jumper.lib</uri>
    </library>
    <library logical="mic5332">
      <uri>C:\Users\PJE\Desktop\mic5332/mic5332.lib</uri>
    </library>
  </libraries>
  <nets>
    <net code="1" name="Net-(D1-Pad2)">
      <node ref="D1" pin="2"/>
      <node ref="R4" pin="2"/>
    </net>
    <net code="2" name="Net-(C3-Pad1)">
      <node ref="U1" pin="6"/>
      <node ref="C3" pin="1"/>
    </net>
    <net code="3" name="Net-(POR2-Pad1)">
      <node ref="U1" pin="3"/>
      <node ref="R3" pin="1"/>
      <node ref="POR2" pin="1"/>
    </net>
    <net code="4" name="Net-(EN2-Pad1)">
      <node ref="R2" pin="2"/>
      <node ref="JP2" pin="2"/>
      <node ref="U1" pin="4"/>
      <node ref="EN2" pin="1"/>
    </net>
    <net code="5" name="Net-(C4-Pad1)">
      <node ref="VOUT2" pin="1"/>
      <node ref="C6" pin="1"/>
      <node ref="C5" pin="1"/>
      <node ref="C4" pin="1"/>
      <node ref="U1" pin="7"/>
    </net>
    <net code="6" name="Net-(EN1-Pad1)">
      <node ref="JP1" pin="2"/>
      <node ref="R1" pin="2"/>
      <node ref="EN1" pin="1"/>
      <node ref="U1" pin="5"/>
    </net>
    <net code="7" name="Net-(C7-Pad1)">
      <node ref="C8" pin="1"/>
      <node ref="C9" pin="1"/>
      <node ref="U1" pin="8"/>
      <node ref="C7" pin="1"/>
      <node ref="VOUT1" pin="1"/>
    </net>
    <net code="8" name="GND">
      <node ref="JP1" pin="1"/>
      <node ref="JP2" pin="1"/>
      <node ref="C1" pin="2"/>
      <node ref="C9" pin="2"/>
      <node ref="C8" pin="2"/>
      <node ref="C2" pin="2"/>
      <node ref="GND1" pin="1"/>
      <node ref="C3" pin="2"/>
      <node ref="C7" pin="2"/>
      <node ref="GND2" pin="1"/>
      <node ref="D1" pin="1"/>
      <node ref="U1" pin="2"/>
      <node ref="C6" pin="2"/>
      <node ref="C5" pin="2"/>
      <node ref="C4" pin="2"/>
      <node ref="U1" pin="9"/>
    </net>
    <net code="9" name="Net-(5V_IN1-Pad1)">
      <node ref="R2" pin="1"/>
      <node ref="R4" pin="1"/>
      <node ref="R1" pin="1"/>
      <node ref="U1" pin="1"/>
      <node ref="R3" pin="2"/>
      <node ref="5V_IN1" pin="1"/>
      <node ref="C1" pin="1"/>
      <node ref="C2" pin="1"/>
    </net>
  </nets>
</export>
